campaign_id,product
CAMP166,Spicy Strips
CAMP198,Fried Wings
CAMP991,Chicken Nuggets
CAMP158,Fried Wings
CAMP290,Spicy Strips
CAMP82,Spicy Strips
CAMP581,Spicy Strips
CAMP34,Fried Wings
CAMP753,Chicken Nuggets
CAMP592,Too Much Grilled Tenders
CAMP642,Hardcore Spicy Tenders
CAMP810,Fried Wings
CAMP4,Grilled Tenders
CAMP601,Chicken Nuggets
CAMP632,Grilled Tenders
CAMP568,Hardcore Spicy Tenders
CAMP333,Hardcore Spicy Tenders
CAMP128,Soft Chicken Nuggets
CAMP875,Grilled Tenders
CAMP505,Soft Chicken Nuggets
CAMP486,Chicken Nuggets
CAMP103,Chicken Nuggets
CAMP960,Chicken Nuggets
CAMP123,Spicy Strips
CAMP520,Soft Chicken Nuggets
CAMP18,Too Much Grilled Tenders
CAMP764,Fried Wings
CAMP587,Hardcore Spicy Tenders
CAMP351,Spicy Strips
CAMP224,Soft Chicken Nuggets
CAMP46,Hardcore Spicy Tenders
CAMP334,Chicken Nuggets
CAMP302,Fried Wings
CAMP476,Grilled Tenders
CAMP442,Chicken Nuggets
CAMP558,Chicken Nuggets
CAMP329,Spicy Strips
CAMP25,Spicy Strips
CAMP46,Spicy Strips
CAMP847,Soft Chicken Nuggets
CAMP88,Fried Wings
CAMP325,Too Much Grilled Tenders
CAMP869,Chicken Nuggets
CAMP948,Chicken Nuggets
CAMP824,Too Much Grilled Tenders
CAMP90,Soft Chicken Nuggets
CAMP801,Too Much Grilled Tenders
CAMP957,Spicy Strips
CAMP349,Hardcore Spicy Tenders
CAMP592,Grilled Tenders
CAMP645,Too Much Grilled Tenders
CAMP219,Spicy Strips
CAMP83,Grilled Tenders
CAMP125,Chicken Nuggets
CAMP227,Soft Chicken Nuggets
CAMP140,Spicy Strips
CAMP84,Grilled Tenders
CAMP977,Hardcore Spicy Tenders
CAMP928,Fried Wings
CAMP663,Chicken Nuggets
CAMP617,Grilled Tenders
CAMP646,Spicy Strips
CAMP181,Hardcore Spicy Tenders
CAMP716,Too Much Grilled Tenders
CAMP989,Spicy Strips
CAMP122,Grilled Tenders
CAMP731,Hardcore Spicy Tenders
CAMP250,Too Much Grilled Tenders
CAMP922,Too Much Grilled Tenders
CAMP710,Grilled Tenders
CAMP467,Fried Wings
CAMP770,Spicy Strips
CAMP342,Too Much Grilled Tenders
CAMP876,Hardcore Spicy Tenders
CAMP167,Too Much Grilled Tenders
CAMP607,Soft Chicken Nuggets
CAMP404,Spicy Strips
CAMP822,Too Much Grilled Tenders
CAMP517,Too Much Grilled Tenders
CAMP431,Grilled Tenders
CAMP381,Hardcore Spicy Tenders
CAMP254,Too Much Grilled Tenders
CAMP414,Chicken Nuggets
CAMP18,Too Much Grilled Tenders
CAMP617,Chicken Nuggets
CAMP60,Spicy Strips
CAMP762,Grilled Tenders
CAMP990,Hardcore Spicy Tenders
CAMP852,Soft Chicken Nuggets
CAMP895,Chicken Nuggets
CAMP894,Too Much Grilled Tenders
CAMP257,Grilled Tenders
CAMP40,Grilled Tenders
CAMP623,Soft Chicken Nuggets
CAMP560,Hardcore Spicy Tenders
CAMP296,Too Much Grilled Tenders
CAMP813,Grilled Tenders
CAMP895,Hardcore Spicy Tenders
CAMP11,Chicken Nuggets
CAMP200,Hardcore Spicy Tenders
CAMP334,Spicy Strips
CAMP973,Too Much Grilled Tenders
CAMP464,Spicy Strips
CAMP703,Soft Chicken Nuggets
CAMP151,Chicken Nuggets
CAMP857,Too Much Grilled Tenders
CAMP326,Chicken Nuggets
CAMP58,Grilled Tenders
CAMP508,Grilled Tenders
CAMP133,Too Much Grilled Tenders
CAMP922,Hardcore Spicy Tenders
CAMP10,Chicken Nuggets
CAMP123,Hardcore Spicy Tenders
CAMP425,Chicken Nuggets
CAMP835,Soft Chicken Nuggets
CAMP756,Fried Wings
CAMP495,Grilled Tenders
CAMP541,Fried Wings
CAMP11,Spicy Strips
CAMP50,Chicken Nuggets
CAMP298,Spicy Strips
CAMP150,Grilled Tenders
CAMP315,Grilled Tenders
CAMP565,Spicy Strips
CAMP472,Chicken Nuggets
CAMP814,Fried Wings
CAMP708,Spicy Strips
CAMP69,Fried Wings
CAMP16,Hardcore Spicy Tenders
CAMP136,Soft Chicken Nuggets
CAMP666,Too Much Grilled Tenders
CAMP521,Soft Chicken Nuggets
CAMP765,Fried Wings
CAMP700,Fried Wings
CAMP321,Chicken Nuggets
CAMP849,Soft Chicken Nuggets
CAMP706,Hardcore Spicy Tenders
CAMP690,Fried Wings
CAMP921,Soft Chicken Nuggets
CAMP975,Chicken Nuggets
CAMP538,Hardcore Spicy Tenders
CAMP735,Fried Wings
CAMP92,Fried Wings
CAMP647,Grilled Tenders
CAMP535,Soft Chicken Nuggets
CAMP245,Hardcore Spicy Tenders
CAMP116,Too Much Grilled Tenders
CAMP871,Soft Chicken Nuggets
CAMP608,Fried Wings
CAMP382,Hardcore Spicy Tenders
CAMP164,Spicy Strips
CAMP443,Chicken Nuggets
CAMP641,Too Much Grilled Tenders
CAMP977,Too Much Grilled Tenders
CAMP974,Spicy Strips
CAMP392,Soft Chicken Nuggets
CAMP948,Spicy Strips
CAMP291,Grilled Tenders
CAMP761,Chicken Nuggets
CAMP986,Chicken Nuggets
CAMP507,Soft Chicken Nuggets
CAMP248,Too Much Grilled Tenders
CAMP730,Grilled Tenders
CAMP874,Hardcore Spicy Tenders
CAMP511,Fried Wings
CAMP198,Chicken Nuggets
CAMP276,Fried Wings
CAMP886,Hardcore Spicy Tenders
CAMP19,Grilled Tenders
CAMP918,Fried Wings
CAMP335,Soft Chicken Nuggets
CAMP290,Hardcore Spicy Tenders
CAMP86,Chicken Nuggets
CAMP811,Spicy Strips
CAMP715,Spicy Strips
CAMP487,Fried Wings
CAMP15,Grilled Tenders
CAMP351,Chicken Nuggets
CAMP138,Grilled Tenders
CAMP189,Chicken Nuggets
CAMP333,Grilled Tenders
CAMP834,Hardcore Spicy Tenders
CAMP715,Spicy Strips
CAMP696,Chicken Nuggets
CAMP309,Too Much Grilled Tenders
CAMP916,Fried Wings
CAMP40,Spicy Strips
CAMP726,Grilled Tenders
CAMP968,Chicken Nuggets
CAMP579,Too Much Grilled Tenders
CAMP464,Hardcore Spicy Tenders
CAMP495,Fried Wings
CAMP477,Fried Wings
CAMP293,Fried Wings
CAMP481,Too Much Grilled Tenders
CAMP900,Chicken Nuggets
CAMP317,Grilled Tenders
CAMP130,Fried Wings
CAMP146,Hardcore Spicy Tenders
CAMP208,Too Much Grilled Tenders
CAMP276,Fried Wings
CAMP753,Soft Chicken Nuggets
CAMP264,Hardcore Spicy Tenders
CAMP499,Spicy Strips
CAMP480,Fried Wings
CAMP932,Soft Chicken Nuggets
CAMP883,Too Much Grilled Tenders
CAMP137,Too Much Grilled Tenders
CAMP761,Grilled Tenders
CAMP886,Too Much Grilled Tenders
CAMP114,Grilled Tenders
CAMP266,Fried Wings
CAMP983,Fried Wings
CAMP368,Too Much Grilled Tenders
CAMP368,Soft Chicken Nuggets
CAMP633,Hardcore Spicy Tenders
CAMP822,Soft Chicken Nuggets
CAMP17,Fried Wings
CAMP353,Too Much Grilled Tenders
CAMP693,Grilled Tenders
CAMP260,Spicy Strips
CAMP529,Too Much Grilled Tenders
CAMP777,Hardcore Spicy Tenders
CAMP857,Hardcore Spicy Tenders
CAMP710,Chicken Nuggets
CAMP815,Grilled Tenders
CAMP562,Spicy Strips
CAMP549,Hardcore Spicy Tenders
CAMP997,Too Much Grilled Tenders
CAMP894,Chicken Nuggets
CAMP301,Soft Chicken Nuggets
CAMP39,Hardcore Spicy Tenders
CAMP611,Fried Wings
CAMP55,Soft Chicken Nuggets
CAMP184,Fried Wings
CAMP724,Too Much Grilled Tenders
CAMP102,Grilled Tenders
CAMP812,Soft Chicken Nuggets
CAMP30,Chicken Nuggets
CAMP666,Hardcore Spicy Tenders
CAMP4,Hardcore Spicy Tenders
CAMP264,Grilled Tenders
CAMP83,Grilled Tenders
CAMP798,Chicken Nuggets
CAMP664,Spicy Strips
CAMP212,Hardcore Spicy Tenders
CAMP638,Grilled Tenders
CAMP812,Hardcore Spicy Tenders
CAMP643,Spicy Strips
CAMP773,Spicy Strips
CAMP303,Grilled Tenders
CAMP718,Grilled Tenders
CAMP263,Soft Chicken Nuggets
CAMP144,Too Much Grilled Tenders
CAMP877,Spicy Strips
CAMP769,Fried Wings
CAMP406,Soft Chicken Nuggets
CAMP571,Hardcore Spicy Tenders
CAMP541,Spicy Strips
CAMP283,Grilled Tenders
CAMP833,Chicken Nuggets
CAMP631,Grilled Tenders
CAMP570,Spicy Strips
CAMP919,Grilled Tenders
CAMP53,Grilled Tenders
CAMP732,Hardcore Spicy Tenders
CAMP720,Chicken Nuggets
CAMP813,Too Much Grilled Tenders
CAMP951,Spicy Strips
CAMP257,Chicken Nuggets
CAMP565,Grilled Tenders
CAMP686,Fried Wings
CAMP852,Too Much Grilled Tenders
CAMP230,Hardcore Spicy Tenders
CAMP585,Too Much Grilled Tenders
CAMP639,Chicken Nuggets
CAMP743,Too Much Grilled Tenders
CAMP947,Hardcore Spicy Tenders
CAMP654,Too Much Grilled Tenders
CAMP573,Spicy Strips
CAMP920,Hardcore Spicy Tenders
CAMP185,Spicy Strips
CAMP611,Soft Chicken Nuggets
CAMP369,Fried Wings
CAMP886,Soft Chicken Nuggets
CAMP922,Too Much Grilled Tenders
CAMP45,Spicy Strips
CAMP55,Chicken Nuggets
CAMP686,Chicken Nuggets
CAMP519,Too Much Grilled Tenders
CAMP508,Soft Chicken Nuggets
CAMP280,Too Much Grilled Tenders
CAMP657,Hardcore Spicy Tenders
CAMP266,Chicken Nuggets
CAMP490,Spicy Strips
CAMP386,Hardcore Spicy Tenders
CAMP975,Chicken Nuggets
CAMP552,Spicy Strips
CAMP594,Chicken Nuggets
CAMP533,Soft Chicken Nuggets
CAMP426,Fried Wings
CAMP226,Hardcore Spicy Tenders
CAMP121,Fried Wings
CAMP167,Hardcore Spicy Tenders
CAMP741,Too Much Grilled Tenders
CAMP861,Spicy Strips
CAMP25,Too Much Grilled Tenders
CAMP435,Too Much Grilled Tenders
CAMP898,Fried Wings
CAMP498,Grilled Tenders
CAMP748,Grilled Tenders
CAMP452,Grilled Tenders
CAMP457,Spicy Strips
CAMP343,Grilled Tenders
CAMP22,Grilled Tenders
CAMP729,Grilled Tenders
CAMP519,Fried Wings
CAMP652,Hardcore Spicy Tenders
CAMP292,Soft Chicken Nuggets
CAMP289,Fried Wings
CAMP932,Spicy Strips
CAMP978,Grilled Tenders
CAMP596,Grilled Tenders
CAMP999,Soft Chicken Nuggets
CAMP964,Chicken Nuggets
CAMP217,Too Much Grilled Tenders
CAMP976,Chicken Nuggets
CAMP755,Hardcore Spicy Tenders
CAMP213,Soft Chicken Nuggets
CAMP257,Soft Chicken Nuggets
CAMP593,Grilled Tenders
CAMP257,Chicken Nuggets
CAMP593,Chicken Nuggets
CAMP763,Hardcore Spicy Tenders
CAMP218,Soft Chicken Nuggets
CAMP808,Spicy Strips
CAMP967,Grilled Tenders
CAMP586,Chicken Nuggets
CAMP960,Hardcore Spicy Tenders
CAMP598,Fried Wings
CAMP798,Too Much Grilled Tenders
CAMP950,Spicy Strips
CAMP962,Chicken Nuggets
CAMP698,Too Much Grilled Tenders
CAMP296,Soft Chicken Nuggets
CAMP586,Fried Wings
CAMP554,Spicy Strips
CAMP606,Hardcore Spicy Tenders
CAMP23,Soft Chicken Nuggets
CAMP782,Grilled Tenders
CAMP905,Spicy Strips
CAMP49,Too Much Grilled Tenders
CAMP371,Hardcore Spicy Tenders
CAMP983,Fried Wings
CAMP751,Grilled Tenders
CAMP700,Chicken Nuggets
CAMP551,Fried Wings
CAMP92,Spicy Strips
CAMP863,Soft Chicken Nuggets
CAMP759,Soft Chicken Nuggets
CAMP621,Fried Wings
CAMP757,Soft Chicken Nuggets
CAMP802,Chicken Nuggets
CAMP380,Hardcore Spicy Tenders
CAMP222,Fried Wings
CAMP916,Too Much Grilled Tenders
CAMP358,Soft Chicken Nuggets
CAMP999,Spicy Strips
CAMP535,Chicken Nuggets
CAMP968,Chicken Nuggets
CAMP330,Soft Chicken Nuggets
CAMP789,Too Much Grilled Tenders
CAMP892,Spicy Strips
CAMP532,Too Much Grilled Tenders
CAMP267,Grilled Tenders
CAMP543,Spicy Strips
CAMP211,Grilled Tenders
CAMP229,Too Much Grilled Tenders
CAMP997,Spicy Strips
CAMP986,Chicken Nuggets
CAMP387,Hardcore Spicy Tenders
CAMP106,Hardcore Spicy Tenders
CAMP795,Hardcore Spicy Tenders
CAMP217,Grilled Tenders
CAMP124,Hardcore Spicy Tenders
CAMP48,Too Much Grilled Tenders
CAMP398,Chicken Nuggets
CAMP139,Too Much Grilled Tenders
CAMP625,Chicken Nuggets
CAMP461,Too Much Grilled Tenders
CAMP350,Too Much Grilled Tenders
CAMP735,Hardcore Spicy Tenders
CAMP684,Soft Chicken Nuggets
CAMP803,Hardcore Spicy Tenders
CAMP480,Spicy Strips
CAMP81,Chicken Nuggets
CAMP292,Soft Chicken Nuggets
CAMP418,Spicy Strips
CAMP849,Soft Chicken Nuggets
CAMP549,Too Much Grilled Tenders
CAMP743,Too Much Grilled Tenders
CAMP541,Grilled Tenders
CAMP917,Spicy Strips
CAMP31,Spicy Strips
CAMP772,Too Much Grilled Tenders
CAMP474,Fried Wings
CAMP278,Chicken Nuggets
CAMP734,Chicken Nuggets
CAMP308,Grilled Tenders
CAMP753,Too Much Grilled Tenders
CAMP863,Chicken Nuggets
CAMP597,Spicy Strips
CAMP929,Chicken Nuggets
CAMP573,Soft Chicken Nuggets
CAMP734,Too Much Grilled Tenders
CAMP142,Spicy Strips
CAMP922,Chicken Nuggets
CAMP783,Too Much Grilled Tenders
CAMP266,Hardcore Spicy Tenders
CAMP70,Soft Chicken Nuggets
CAMP541,Fried Wings
CAMP323,Soft Chicken Nuggets
CAMP852,Spicy Strips
CAMP310,Fried Wings
CAMP436,Grilled Tenders
CAMP340,Fried Wings
CAMP690,Grilled Tenders
CAMP751,Soft Chicken Nuggets
CAMP912,Spicy Strips
CAMP586,Hardcore Spicy Tenders
CAMP124,Spicy Strips
CAMP566,Soft Chicken Nuggets
CAMP672,Fried Wings
CAMP597,Soft Chicken Nuggets
CAMP898,Hardcore Spicy Tenders
CAMP334,Spicy Strips
CAMP822,Grilled Tenders
CAMP94,Spicy Strips
CAMP456,Soft Chicken Nuggets
CAMP957,Too Much Grilled Tenders
CAMP695,Too Much Grilled Tenders
CAMP328,Hardcore Spicy Tenders
CAMP708,Chicken Nuggets
CAMP279,Grilled Tenders
CAMP904,Chicken Nuggets
CAMP145,Hardcore Spicy Tenders
CAMP542,Fried Wings
CAMP849,Hardcore Spicy Tenders
CAMP926,Soft Chicken Nuggets
CAMP476,Hardcore Spicy Tenders
CAMP501,Hardcore Spicy Tenders
CAMP658,Chicken Nuggets
CAMP76,Grilled Tenders
CAMP808,Too Much Grilled Tenders
CAMP118,Grilled Tenders
CAMP933,Soft Chicken Nuggets
CAMP263,Hardcore Spicy Tenders
CAMP628,Chicken Nuggets
CAMP244,Spicy Strips
CAMP684,Too Much Grilled Tenders
CAMP18,Spicy Strips
CAMP651,Grilled Tenders
CAMP55,Hardcore Spicy Tenders
CAMP643,Fried Wings
CAMP540,Hardcore Spicy Tenders
CAMP908,Grilled Tenders
CAMP742,Hardcore Spicy Tenders
CAMP280,Soft Chicken Nuggets
CAMP562,Too Much Grilled Tenders
CAMP643,Spicy Strips
CAMP476,Too Much Grilled Tenders
CAMP48,Chicken Nuggets
CAMP137,Too Much Grilled Tenders
CAMP672,Soft Chicken Nuggets
CAMP308,Grilled Tenders
CAMP635,Chicken Nuggets
CAMP50,Soft Chicken Nuggets
CAMP42,Too Much Grilled Tenders
CAMP991,Grilled Tenders
CAMP559,Fried Wings
CAMP285,Spicy Strips
CAMP129,Grilled Tenders
CAMP359,Too Much Grilled Tenders
CAMP423,Grilled Tenders
CAMP597,Too Much Grilled Tenders
CAMP367,Spicy Strips
CAMP450,Hardcore Spicy Tenders
CAMP408,Soft Chicken Nuggets
CAMP972,Hardcore Spicy Tenders
CAMP215,Chicken Nuggets
CAMP720,Soft Chicken Nuggets
CAMP407,Spicy Strips
CAMP757,Fried Wings
CAMP7,Chicken Nuggets
CAMP918,Soft Chicken Nuggets
CAMP257,Spicy Strips
CAMP928,Grilled Tenders
CAMP569,Chicken Nuggets
CAMP156,Hardcore Spicy Tenders
CAMP768,Spicy Strips
CAMP508,Hardcore Spicy Tenders
CAMP354,Soft Chicken Nuggets
CAMP782,Soft Chicken Nuggets
CAMP36,Grilled Tenders
CAMP10,Grilled Tenders
CAMP331,Chicken Nuggets
CAMP743,Hardcore Spicy Tenders
CAMP689,Hardcore Spicy Tenders
CAMP577,Grilled Tenders
CAMP518,Spicy Strips
CAMP34,Too Much Grilled Tenders
CAMP892,Chicken Nuggets
CAMP548,Chicken Nuggets
CAMP726,Spicy Strips
CAMP817,Spicy Strips
CAMP686,Spicy Strips
CAMP534,Too Much Grilled Tenders
CAMP94,Soft Chicken Nuggets
CAMP856,Grilled Tenders
CAMP934,Hardcore Spicy Tenders
CAMP769,Grilled Tenders
CAMP406,Fried Wings
CAMP904,Spicy Strips
CAMP287,Chicken Nuggets
CAMP793,Too Much Grilled Tenders
CAMP329,Fried Wings
CAMP709,Too Much Grilled Tenders
CAMP893,Grilled Tenders
CAMP652,Spicy Strips
CAMP629,Fried Wings
CAMP89,Spicy Strips
CAMP517,Hardcore Spicy Tenders
CAMP6,Spicy Strips
CAMP161,Spicy Strips
CAMP465,Soft Chicken Nuggets
CAMP198,Hardcore Spicy Tenders
CAMP737,Spicy Strips
CAMP356,Hardcore Spicy Tenders
CAMP657,Grilled Tenders
CAMP357,Hardcore Spicy Tenders
CAMP161,Hardcore Spicy Tenders
CAMP489,Fried Wings
CAMP516,Grilled Tenders
CAMP865,Soft Chicken Nuggets
CAMP257,Chicken Nuggets
CAMP698,Too Much Grilled Tenders
CAMP408,Hardcore Spicy Tenders
CAMP891,Spicy Strips
CAMP716,Soft Chicken Nuggets
CAMP529,Grilled Tenders
CAMP808,Spicy Strips
CAMP84,Hardcore Spicy Tenders
CAMP629,Hardcore Spicy Tenders
CAMP910,Spicy Strips
CAMP358,Chicken Nuggets
CAMP729,Too Much Grilled Tenders
CAMP921,Hardcore Spicy Tenders
CAMP97,Too Much Grilled Tenders
CAMP33,Soft Chicken Nuggets
CAMP363,Grilled Tenders
CAMP640,Soft Chicken Nuggets
CAMP91,Hardcore Spicy Tenders
CAMP177,Hardcore Spicy Tenders
CAMP135,Chicken Nuggets
CAMP608,Chicken Nuggets
CAMP690,Spicy Strips
CAMP236,Fried Wings
CAMP532,Grilled Tenders
CAMP423,Spicy Strips
CAMP110,Soft Chicken Nuggets
CAMP60,Chicken Nuggets
CAMP773,Hardcore Spicy Tenders
CAMP560,Spicy Strips
CAMP709,Hardcore Spicy Tenders
CAMP504,Hardcore Spicy Tenders
CAMP343,Chicken Nuggets
CAMP923,Too Much Grilled Tenders
CAMP672,Too Much Grilled Tenders
CAMP171,Grilled Tenders
CAMP275,Spicy Strips
CAMP156,Chicken Nuggets
CAMP551,Soft Chicken Nuggets
CAMP378,Fried Wings
CAMP227,Too Much Grilled Tenders
CAMP208,Chicken Nuggets
CAMP26,Chicken Nuggets
CAMP38,Soft Chicken Nuggets
CAMP640,Soft Chicken Nuggets
CAMP891,Grilled Tenders
CAMP459,Fried Wings
CAMP10,Hardcore Spicy Tenders
CAMP170,Soft Chicken Nuggets
CAMP929,Grilled Tenders
CAMP202,Fried Wings
CAMP929,Hardcore Spicy Tenders
CAMP283,Spicy Strips
CAMP588,Spicy Strips
CAMP164,Hardcore Spicy Tenders
CAMP709,Too Much Grilled Tenders
CAMP892,Hardcore Spicy Tenders
CAMP573,Fried Wings
CAMP652,Spicy Strips
CAMP579,Spicy Strips
CAMP170,Chicken Nuggets
CAMP581,Hardcore Spicy Tenders
CAMP409,Spicy Strips
CAMP671,Spicy Strips
CAMP13,Grilled Tenders
CAMP880,Hardcore Spicy Tenders
CAMP690,Hardcore Spicy Tenders
CAMP243,Grilled Tenders
CAMP701,Grilled Tenders
CAMP894,Soft Chicken Nuggets
CAMP11,Spicy Strips
CAMP9,Soft Chicken Nuggets
CAMP687,Fried Wings
CAMP316,Chicken Nuggets
CAMP59,Soft Chicken Nuggets
CAMP792,Too Much Grilled Tenders
CAMP412,Hardcore Spicy Tenders
CAMP102,Fried Wings
CAMP83,Hardcore Spicy Tenders
CAMP952,Soft Chicken Nuggets
CAMP408,Hardcore Spicy Tenders
CAMP663,Hardcore Spicy Tenders
CAMP981,Spicy Strips
CAMP90,Fried Wings
CAMP539,Too Much Grilled Tenders
CAMP248,Hardcore Spicy Tenders
CAMP965,Too Much Grilled Tenders
CAMP798,Spicy Strips
CAMP579,Spicy Strips
CAMP971,Hardcore Spicy Tenders
CAMP89,Spicy Strips
CAMP579,Hardcore Spicy Tenders
CAMP107,Hardcore Spicy Tenders
CAMP682,Chicken Nuggets
CAMP543,Fried Wings
CAMP656,Chicken Nuggets
CAMP891,Spicy Strips
CAMP999,Fried Wings
CAMP60,Too Much Grilled Tenders
CAMP754,Chicken Nuggets
CAMP200,Chicken Nuggets
CAMP994,Hardcore Spicy Tenders
CAMP766,Spicy Strips
CAMP751,Grilled Tenders
CAMP635,Grilled Tenders
CAMP801,Soft Chicken Nuggets
CAMP277,Fried Wings
CAMP387,Chicken Nuggets
CAMP944,Too Much Grilled Tenders
CAMP364,Fried Wings
CAMP716,Hardcore Spicy Tenders
CAMP609,Fried Wings
CAMP330,Soft Chicken Nuggets
CAMP695,Chicken Nuggets
CAMP6,Spicy Strips
CAMP295,Soft Chicken Nuggets
CAMP688,Too Much Grilled Tenders
CAMP865,Soft Chicken Nuggets
CAMP97,Too Much Grilled Tenders
CAMP907,Grilled Tenders
CAMP953,Spicy Strips
CAMP641,Fried Wings
CAMP751,Too Much Grilled Tenders
CAMP44,Too Much Grilled Tenders
CAMP793,Too Much Grilled Tenders
CAMP401,Too Much Grilled Tenders
CAMP607,Soft Chicken Nuggets
CAMP762,Grilled Tenders
CAMP95,Fried Wings
CAMP269,Fried Wings
CAMP165,Soft Chicken Nuggets
CAMP256,Hardcore Spicy Tenders
CAMP178,Too Much Grilled Tenders
CAMP498,Hardcore Spicy Tenders
CAMP237,Too Much Grilled Tenders
CAMP718,Soft Chicken Nuggets
CAMP470,Hardcore Spicy Tenders
CAMP690,Hardcore Spicy Tenders
CAMP728,Grilled Tenders
CAMP861,Spicy Strips
CAMP296,Grilled Tenders
CAMP64,Hardcore Spicy Tenders
CAMP520,Hardcore Spicy Tenders
CAMP527,Soft Chicken Nuggets
CAMP241,Fried Wings
CAMP773,Too Much Grilled Tenders
CAMP320,Spicy Strips
CAMP926,Fried Wings
CAMP871,Fried Wings
CAMP465,Soft Chicken Nuggets
CAMP776,Grilled Tenders
CAMP879,Fried Wings
CAMP399,Fried Wings
CAMP735,Grilled Tenders
CAMP340,Too Much Grilled Tenders
CAMP528,Fried Wings
CAMP299,Too Much Grilled Tenders
CAMP143,Fried Wings
CAMP271,Spicy Strips
CAMP56,Chicken Nuggets
CAMP551,Hardcore Spicy Tenders
CAMP309,Hardcore Spicy Tenders
CAMP308,Grilled Tenders
CAMP906,Hardcore Spicy Tenders
CAMP856,Too Much Grilled Tenders
CAMP447,Hardcore Spicy Tenders
CAMP699,Fried Wings
CAMP780,Fried Wings
CAMP17,Too Much Grilled Tenders
CAMP545,Too Much Grilled Tenders
CAMP466,Hardcore Spicy Tenders
CAMP373,Soft Chicken Nuggets
CAMP832,Grilled Tenders
CAMP43,Spicy Strips
CAMP829,Hardcore Spicy Tenders
CAMP567,Fried Wings
CAMP770,Spicy Strips
CAMP111,Spicy Strips
CAMP942,Fried Wings
CAMP493,Hardcore Spicy Tenders
CAMP689,Fried Wings
CAMP506,Grilled Tenders
CAMP29,Too Much Grilled Tenders
CAMP359,Grilled Tenders
CAMP386,Fried Wings
CAMP287,Chicken Nuggets
CAMP420,Fried Wings
CAMP646,Hardcore Spicy Tenders
CAMP84,Grilled Tenders
CAMP972,Too Much Grilled Tenders
CAMP553,Chicken Nuggets
CAMP976,Soft Chicken Nuggets
CAMP406,Hardcore Spicy Tenders
CAMP789,Spicy Strips
CAMP191,Soft Chicken Nuggets
CAMP31,Grilled Tenders
CAMP40,Spicy Strips
CAMP621,Too Much Grilled Tenders
CAMP526,Fried Wings
CAMP545,Chicken Nuggets
CAMP964,Spicy Strips
CAMP260,Spicy Strips
CAMP820,Soft Chicken Nuggets
CAMP811,Spicy Strips
CAMP552,Hardcore Spicy Tenders
CAMP797,Hardcore Spicy Tenders
CAMP747,Hardcore Spicy Tenders
CAMP191,Too Much Grilled Tenders
CAMP495,Fried Wings
CAMP220,Fried Wings
CAMP205,Soft Chicken Nuggets
CAMP249,Fried Wings
CAMP507,Soft Chicken Nuggets
CAMP194,Spicy Strips
CAMP102,Hardcore Spicy Tenders
CAMP612,Hardcore Spicy Tenders
CAMP198,Hardcore Spicy Tenders
CAMP670,Hardcore Spicy Tenders
CAMP32,Hardcore Spicy Tenders
CAMP315,Soft Chicken Nuggets
CAMP904,Grilled Tenders
CAMP46,Grilled Tenders
CAMP50,Grilled Tenders
CAMP993,Soft Chicken Nuggets
CAMP273,Fried Wings
CAMP357,Fried Wings
CAMP784,Chicken Nuggets
CAMP208,Too Much Grilled Tenders
CAMP894,Hardcore Spicy Tenders
CAMP14,Hardcore Spicy Tenders
CAMP83,Hardcore Spicy Tenders
CAMP868,Fried Wings
CAMP137,Fried Wings
CAMP682,Chicken Nuggets
CAMP921,Too Much Grilled Tenders
CAMP866,Chicken Nuggets
CAMP497,Hardcore Spicy Tenders
CAMP307,Too Much Grilled Tenders
CAMP617,Spicy Strips
CAMP494,Too Much Grilled Tenders
CAMP625,Fried Wings
CAMP266,Hardcore Spicy Tenders
CAMP918,Spicy Strips
CAMP298,Chicken Nuggets
CAMP451,Too Much Grilled Tenders
CAMP251,Chicken Nuggets
CAMP48,Fried Wings
CAMP579,Hardcore Spicy Tenders
CAMP165,Hardcore Spicy Tenders
CAMP227,Chicken Nuggets
CAMP880,Too Much Grilled Tenders
CAMP562,Grilled Tenders
CAMP82,Soft Chicken Nuggets
CAMP558,Spicy Strips
CAMP62,Chicken Nuggets
CAMP344,Soft Chicken Nuggets
CAMP724,Grilled Tenders
CAMP486,Grilled Tenders
CAMP16,Fried Wings
CAMP374,Spicy Strips
CAMP258,Chicken Nuggets
CAMP688,Grilled Tenders
CAMP913,Grilled Tenders
CAMP903,Too Much Grilled Tenders
CAMP961,Chicken Nuggets
CAMP756,Grilled Tenders
CAMP641,Grilled Tenders
CAMP253,Soft Chicken Nuggets
CAMP268,Chicken Nuggets
CAMP949,Spicy Strips
CAMP692,Soft Chicken Nuggets
CAMP688,Fried Wings
CAMP866,Chicken Nuggets
CAMP243,Spicy Strips
CAMP317,Chicken Nuggets
CAMP693,Grilled Tenders
CAMP60,Soft Chicken Nuggets
CAMP627,Fried Wings
CAMP53,Grilled Tenders
CAMP678,Grilled Tenders
CAMP237,Chicken Nuggets
CAMP155,Hardcore Spicy Tenders
CAMP817,Chicken Nuggets
CAMP168,Soft Chicken Nuggets
CAMP540,Chicken Nuggets
CAMP904,Spicy Strips
CAMP669,Fried Wings
CAMP842,Soft Chicken Nuggets
CAMP895,Hardcore Spicy Tenders
CAMP164,Too Much Grilled Tenders
CAMP332,Hardcore Spicy Tenders
CAMP828,Too Much Grilled Tenders
CAMP50,Chicken Nuggets
CAMP992,Grilled Tenders
CAMP774,Too Much Grilled Tenders
CAMP147,Spicy Strips
CAMP5,Soft Chicken Nuggets
CAMP811,Fried Wings
CAMP397,Fried Wings
CAMP970,Spicy Strips
CAMP754,Spicy Strips
CAMP528,Soft Chicken Nuggets
CAMP393,Chicken Nuggets
CAMP668,Spicy Strips
CAMP154,Chicken Nuggets
CAMP559,Grilled Tenders
CAMP144,Chicken Nuggets
CAMP491,Spicy Strips
CAMP438,Soft Chicken Nuggets
CAMP99,Hardcore Spicy Tenders
CAMP10,Chicken Nuggets
CAMP91,Chicken Nuggets
CAMP434,Chicken Nuggets
CAMP175,Soft Chicken Nuggets
CAMP471,Chicken Nuggets
CAMP130,Chicken Nuggets
CAMP582,Soft Chicken Nuggets
CAMP623,Chicken Nuggets
CAMP33,Hardcore Spicy Tenders
CAMP277,Spicy Strips
CAMP364,Soft Chicken Nuggets
CAMP449,Spicy Strips
CAMP760,Too Much Grilled Tenders
CAMP47,Hardcore Spicy Tenders
CAMP709,Spicy Strips
CAMP323,Chicken Nuggets
CAMP302,Grilled Tenders
CAMP241,Fried Wings
CAMP813,Too Much Grilled Tenders
CAMP880,Fried Wings
CAMP128,Spicy Strips
CAMP55,Too Much Grilled Tenders
CAMP176,Soft Chicken Nuggets
CAMP849,Soft Chicken Nuggets
CAMP37,Hardcore Spicy Tenders
CAMP787,Soft Chicken Nuggets
CAMP763,Spicy Strips
CAMP569,Too Much Grilled Tenders
CAMP319,Too Much Grilled Tenders
CAMP686,Chicken Nuggets
CAMP424,Chicken Nuggets
CAMP284,Fried Wings
CAMP287,Too Much Grilled Tenders
CAMP238,Too Much Grilled Tenders
CAMP396,Spicy Strips
CAMP736,Chicken Nuggets
CAMP829,Hardcore Spicy Tenders
CAMP677,Spicy Strips
CAMP707,Grilled Tenders
CAMP332,Fried Wings
CAMP484,Spicy Strips
CAMP403,Fried Wings
CAMP282,Chicken Nuggets
CAMP150,Fried Wings
CAMP903,Fried Wings
CAMP904,Soft Chicken Nuggets
CAMP372,Grilled Tenders
CAMP674,Chicken Nuggets
CAMP724,Grilled Tenders
CAMP107,Soft Chicken Nuggets
CAMP620,Chicken Nuggets
CAMP297,Too Much Grilled Tenders
CAMP962,Hardcore Spicy Tenders
CAMP490,Hardcore Spicy Tenders
CAMP389,Soft Chicken Nuggets
CAMP365,Fried Wings
CAMP957,Fried Wings
CAMP434,Fried Wings
CAMP638,Fried Wings
CAMP25,Grilled Tenders
CAMP535,Soft Chicken Nuggets
CAMP800,Hardcore Spicy Tenders
CAMP343,Chicken Nuggets
CAMP647,Fried Wings
CAMP656,Spicy Strips
CAMP27,Fried Wings
CAMP656,Chicken Nuggets
CAMP476,Grilled Tenders
CAMP902,Fried Wings
CAMP786,Too Much Grilled Tenders
CAMP426,Too Much Grilled Tenders
CAMP229,Hardcore Spicy Tenders
CAMP307,Spicy Strips
CAMP852,Soft Chicken Nuggets
CAMP988,Too Much Grilled Tenders
CAMP817,Spicy Strips
CAMP122,Grilled Tenders
CAMP761,Chicken Nuggets
CAMP725,Spicy Strips
CAMP315,Too Much Grilled Tenders
CAMP934,Spicy Strips
CAMP83,Too Much Grilled Tenders
CAMP163,Chicken Nuggets
CAMP391,Chicken Nuggets
CAMP784,Soft Chicken Nuggets
CAMP508,Spicy Strips
CAMP405,Grilled Tenders
CAMP307,Hardcore Spicy Tenders
CAMP461,Grilled Tenders
CAMP880,Fried Wings
CAMP920,Grilled Tenders
CAMP616,Chicken Nuggets
CAMP54,Soft Chicken Nuggets
CAMP65,Hardcore Spicy Tenders
CAMP446,Fried Wings
CAMP738,Too Much Grilled Tenders
CAMP912,Soft Chicken Nuggets
CAMP28,Chicken Nuggets
CAMP740,Hardcore Spicy Tenders
CAMP46,Too Much Grilled Tenders
CAMP953,Hardcore Spicy Tenders
CAMP619,Grilled Tenders
CAMP941,Too Much Grilled Tenders
CAMP815,Chicken Nuggets
CAMP438,Hardcore Spicy Tenders
CAMP858,Soft Chicken Nuggets
CAMP157,Spicy Strips
CAMP380,Grilled Tenders
CAMP912,Soft Chicken Nuggets
CAMP839,Soft Chicken Nuggets
CAMP446,Spicy Strips
CAMP252,Soft Chicken Nuggets
CAMP86,Fried Wings
CAMP719,Spicy Strips
CAMP119,Hardcore Spicy Tenders
CAMP569,Spicy Strips
CAMP400,Soft Chicken Nuggets
CAMP742,Too Much Grilled Tenders
CAMP835,Fried Wings
CAMP61,Hardcore Spicy Tenders
CAMP794,Soft Chicken Nuggets
CAMP830,Chicken Nuggets
CAMP143,Fried Wings
CAMP969,Chicken Nuggets
CAMP684,Too Much Grilled Tenders
CAMP181,Soft Chicken Nuggets
CAMP565,Spicy Strips
CAMP500,Soft Chicken Nuggets
CAMP78,Too Much Grilled Tenders
CAMP410,Spicy Strips
CAMP307,Too Much Grilled Tenders
CAMP889,Grilled Tenders
CAMP146,Chicken Nuggets
CAMP299,Chicken Nuggets
CAMP389,Spicy Strips
CAMP73,Grilled Tenders
CAMP599,Hardcore Spicy Tenders
CAMP290,Fried Wings
CAMP276,Hardcore Spicy Tenders
CAMP860,Too Much Grilled Tenders
CAMP595,Hardcore Spicy Tenders
CAMP180,Too Much Grilled Tenders
CAMP748,Hardcore Spicy Tenders
CAMP983,Hardcore Spicy Tenders
CAMP441,Grilled Tenders
CAMP411,Hardcore Spicy Tenders
CAMP13,Spicy Strips
